id_perito,nome,cognome,luogo_nascita,data_nascita,numero_iscrizione,data_iscrizione,codice_fiscale,sede_operativa_regione,telefono,email,pec,specializzazione
1,Eugenia,Caracciolo,Trento,1998-04-07,2679/2011,2011-03-04,CMCTTN94P03G327F,Trentino-Alto Adige,015013389,leonegioele@example.org,leonegioele@pec.it,Multirischio
2,LAURETTA,Verdone,Pavia,1983-12-05,9279/2005,2005-09-18,LBNRMS89L51C969J,Lombardia,+39 04345116150,cgaluppi@example.net,cgaluppi@pec.it,Multirischio
3,Lina,Sauro,Savona,1994-02-25,5557/2020,2020-09-24,PZZFRD90B42H094T,Liguria,+39 3244131645,paretobernardo@example.net,paretobernardo@pec.it,Auto
4,Napoleone,Norbiato,Pordenone,1983-12-17,6514/2012,2012-08-19,DNNNNI93D06E981E,Friuli-Venezia Giulia,0532835036,germanainteriano@example.net,germanainteriano@pec.it,Furto
5,Graziano,Boezio,Bolzano,1980-06-06,8527/2018,2018-07-17,PTRRMN18E45C625O,Trentino-Alto Adige,3489696531,antonellamedici@example.org,antonellamedici@pec.it,Furto
6,Margherita,Bellini,Pavia,1978-02-25,6925/2023,2023-08-09,BCCRLD48R55F688R,Lombardia,37018018416,correreliana@example.org,correreliana@pec.it,Auto
7,Ermenegildo,Sansoni,Aosta,1977-12-25,7227/2006,2006-10-16,MNCSLV64R07B636B,Valle d'Aosta,3222880950,iannellitemistocle@example.org,iannellitemistocle@pec.it,Incendio
8,Milo,Martucci,Udine,1980-12-08,2169/2009,2009-09-13,BRCZRA62B25F726W,Friuli-Venezia Giulia,+39 0357824893,arturogiusti@example.net,arturogiusti@pec.it,RE / Immobili
9,Laura,Mazzacurati,Cosenza,1975-12-25,4598/2008,2008-08-31,CSNGFR28B51A217Q,Calabria,+39 096130103,cpalombi@example.net,cpalombi@pec.it,Auto
10,Sonia,Montalcini,Bologna,1979-02-25,6155/2013,2013-12-31,GBBDNL92R59F096H,Emilia-Romagna,+39 32976311667,tosigilberto@example.com,tosigilberto@pec.it,Furto
11,Stefani,Bernini,Chieti,1985-08-01,9830/2008,2008-03-16,CNTGNT24D58E842T,Abruzzo,+39 0761247318,bignardipatrizio@example.net,bignardipatrizio@pec.it,Multirischio
12,Armando,Veltroni,Isernia,1981-03-28,9085/2009,2009-12-02,PSNMLN61D28E317N,Molise,+39 03826064762,cabrinimarcella@example.org,cabrinimarcella@pec.it,Auto
13,Franco,Malenchini,Trento,1993-02-23,2040/2008,2008-08-03,BTTRMD74M57L937C,Trentino-Alto Adige,+39 018381219,arturoveneziano@example.org,arturoveneziano@pec.it,Multirischio
14,Patrizio,CASARIN,Caserta,1976-04-12,2876/2017,2017-05-30,PCCSTN74R17D421M,Campania,04295346271,barbarabarsanti@example.net,barbarabarsanti@pec.it,Multirischio
15,Agnolo,Satta,Livorno,1970-01-02,5315/2011,2011-08-02,CHPMRL08D52D046R,Toscana,+39 0774849801,borgheseadele@example.org,borgheseadele@pec.it,RE / Immobili
16,Giustino,Carpaccio,Potenza,1993-01-18,4258/2011,2011-09-11,FRCMSM26S61L192V,Basilicata,0865740160,viscontiermanno@example.com,viscontiermanno@pec.it,RE / Immobili
17,Mariano,CESCHI,Cosenza,1965-01-10,6947/2018,2018-06-08,ZMNGNL14B63L748E,Calabria,+39 0921059822,ernesto78@example.net,ernesto78@pec.it,Incendio
18,Livio,Oscuro,Bologna,1975-10-22,8962/2024,2024-09-10,CMLLRA99P29L428H,Emilia-Romagna,3783923220,nugnesgiacobbe@example.net,nugnesgiacobbe@pec.it,Multirischio
19,Loredana,Montanelli,Padova,1994-08-06,9645/2015,2015-08-30,PSLNGC60D07I796N,Veneto,05834330351,rgrassi@example.org,rgrassi@pec.it,Furto
20,Martina,Liguori,Savona,1998-11-18,7537/2021,2021-05-16,BBTDNL33C59M414R,Liguria,0161196559,eva86@example.net,eva86@pec.it,Incendio
21,Orlando,Favata,Caserta,1985-04-03,1344/2007,2007-09-19,RTLLSU08S30D569M,Campania,3341484654,antonello60@example.net,antonello60@pec.it,RE / Immobili
22,Fredo,Puglisi,Catania,1965-04-28,2104/2006,2006-08-05,PSNCHL38E47E626W,Sicilia,0797738728,ndraghi@example.net,ndraghi@pec.it,Incendio
23,Francesca,Monti,Pavia,1975-09-05,3167/2011,2011-04-01,FLNCNT03A08F118E,Lombardia,+39 0783693673,gibiliscogiada@example.com,gibiliscogiada@pec.it,Multirischio
24,Filippa,Ajello,Siracusa,1975-11-26,2545/2022,2022-08-07,BNGGNT15M45I632O,Sicilia,33588957982,rauricagiancarlo@example.org,rauricagiancarlo@pec.it,Furto
25,Luciana,Sibilia,Frosinone,1983-06-11,2612/2015,2015-06-23,TRMSBT80D49E747X,Lazio,+39 385434558,wguidone@example.org,wguidone@pec.it,Incendio
26,Enzo,Gianinazzi,Trento,1973-08-06,4006/2009,2009-04-08,PZZLRT42P15E472M,Trentino-Alto Adige,+39 0429669097,tcorradi@example.org,tcorradi@pec.it,RE / Immobili
27,Mauro,Mancini,Monza,1989-09-08,1241/2007,2007-03-14,SRFFBA34L16A292T,Lombardia,0575627299,ipucci@example.net,ipucci@pec.it,RE / Immobili
28,Annetta,Babati,Udine,1986-10-14,1960/2015,2015-10-19,BNGGBL48H07E904A,Friuli-Venezia Giulia,0575646410,renzidurante@example.com,renzidurante@pec.it,Auto
29,Maurizio,Garzoni,L'Aquila,1985-05-30,8973/2011,2011-05-26,FLPLNA79C08B365F,Abruzzo,336193745,bartolimargherita@example.org,bartolimargherita@pec.it,Incendio
30,Melania,Dallapé,Genova,1990-12-25,1936/2021,2021-07-03,PTRGTN09R63I943E,Liguria,+39 03324919085,corrado90@example.com,corrado90@pec.it,Furto
31,Bartolomeo,Tognazzi,Potenza,1967-07-21,2113/2016,2016-05-23,RNGRMO90C54B875J,Basilicata,0984877695,alberico67@example.org,alberico67@pec.it,RE / Immobili
32,Rita,Broggini,Pescara,1990-07-22,2343/2010,2010-07-10,MRNLPN63H46F259Q,Abruzzo,+39 058445494,tonia73@example.com,tonia73@pec.it,Multirischio
33,Calcedonio,Goldoni,Messina,1976-09-12,5351/2009,2009-08-01,STRRCT02B50C354I,Sicilia,36234957865,jstaglieno@example.org,jstaglieno@pec.it,Incendio
34,IOLANDA,Sansoni,Salerno,1998-09-23,2638/2006,2006-08-18,MNNCRN95P25H421G,Campania,+39 0424374981,liberto43@example.org,liberto43@pec.it,RE / Immobili
35,Laureano,Gentili,Matera,1970-12-11,7054/2012,2012-10-30,LNRNTA06P10H492Q,Basilicata,+39 35187109475,ferdinando40@example.net,ferdinando40@pec.it,Furto
36,Fiorino,Bergoglio,Cosenza,1978-07-28,9666/2018,2018-09-20,STCBNT73S62A537W,,+39 0372941319,sophia71@example.org,sophia71@pec.it,Multirischio
37,Maura,Tresoldi,Perugia,1971-01-10,3546/2010,2010-12-07,MRNTNF78T44M283B,Umbria,+39 351534123,csalieri@example.com,csalieri@pec.it,Multirischio
38,Ermenegildo,Acerbi,Savona,1980-05-19,9280/2009,2009-07-26,MDRMDA29E63D020N,Liguria,019349361,ssalieri@example.net,ssalieri@pec.it,Auto
39,GOFFREDO,Coardi,Monza,1977-05-31,5291/2005,2005-12-28,RSMDLN59T50H518Q,Lombardia,371448877,bianchiniezio@example.com,bianchiniezio@pec.it,Furto
40,VERONICA,Rienzo,Cosenza,1984-03-09,3442/2017,2017-07-31,RGNSYV34R02I216U,Calabria,+39 08087429615,claudia40@example.org,claudia40@pec.it,Incendio
41,Pierangelo,Montecchi,Catania,1984-04-12,1653/2007,2007-11-11,TLRVIO84L67I188Q,Sicilia,+39 0783154518,germana12@example.com,germana12@pec.it,RE / Immobili
42,Flavia,Venier,Bologna,1980-11-12,3532/2022,2022-07-01,TRNRMR97A47C847N,Emilia-Romagna,+39 350547710,dponti@example.org,dponti@pec.it,RE / Immobili
43,Lorenzo,Vigorelli,Trieste,1983-07-01,7745/2005,2005-07-23,CRLMRS15S27B646F,Friuli-Venezia Giulia,37604846738,violapier@example.org,violapier@pec.it,RE / Immobili
44,Ennio,Passalacqua,Pisa,1996-06-16,8711/2007,2007-06-05,BNNGDI98L11M104F,Toscana,37730449928,caterinatomasetti@example.net,caterinatomasetti@pec.it,Furto
45,SAVERIO,Murri,Viterbo,1975-03-18,6378/2010,2010-01-01,FRNGNI73L48L223A,Lazio,0165576620,amanda86@example.com,amanda86@pec.it,Auto
46,Tiziano,Montanariello,Livorno,1993-10-11,9785/2016,2016-06-05,NGSMLE52S45A763C,Toscana,32945961558,rosselliniciro@example.net,rosselliniciro@pec.it,Auto
47,Amleto,Bombieri,Bolzano,1973-01-04,2776/2018,2018-01-09,RTCBTN97S23L408S,Trentino-Alto Adige,+39 0775240055,elviraluna@example.org,elviraluna@pec.it,Incendio
48,Nico,Ricciardi,Pesaro,1992-03-12,4114/2016,2016-06-21,DNTDNN10R28E109U,Marche,+39 0861923744,gioeleturchi@example.com,gioeleturchi@pec.it,Furto
49,Vittoria,Scarpetta,Novara,1981-05-04,6409/2014,2014-09-04,MSTLND81L63C661O,Piemonte,3534436719,giorgia82@example.org,giorgia82@pec.it,Auto
50,Micheletto,Malaparte,Terni,1994-12-01,3085/2014,2014-02-28,TMBGVN99D20I636G,Umbria,0438394217,alessio64@example.org,alessio64@pec.it,Furto
51,Amico,Ossani,Pordenone,1990-07-13,5978/2011,2011-10-02,DDUGLS16P69D942T,Friuli-Venezia Giulia,3710247451,carlomalacarne@example.com,carlomalacarne@pec.it,Furto
52,Elmo,Gelli,Messina,1985-11-10,8752/2014,2014-11-29,NGLGSN68B55D968V,Sicilia,0956513709,xvolterra@example.org,xvolterra@pec.it,RE / Immobili
53,Fabrizia,Bocca,Brescia,1988-02-15,4848/2019,2019-11-22,CLBNTA04E16B232J,Lombardia,+39 0461826759,pmarangoni@example.com,pmarangoni@pec.it,RE / Immobili
54,Valeria,Pozzecco,Genova,1966-02-05,2193/2006,2006-01-14,BLLNPN27M55M315V,Liguria,+39 3533515854,steindina@example.com,steindina@pec.it,Multirischio
55,Franco,Castellitto,Savona,1996-03-28,1090/2013,2013-08-12,BNSLND31C26G066N,Liguria,+39 0187839332,qbuscetta@example.org,qbuscetta@pec.it,Auto
56,Guido,Collodi,Campobasso,1972-11-21,1822/2023,2023-01-14,SPRCCL01H26I486Z,Molise,+39 0961502408,adrianagregori@example.org,adrianagregori@pec.it,Auto
57,Damiano,Boccaccio,Napoli,1985-11-04,6198/2019,2019-12-22,SLVMCL28R02H816Z,Campania,0784007667,xsagredo@example.com,xsagredo@pec.it,Furto
58,Benito,Bottigliero,Oristano,1987-08-24,3607/2014,2014-07-28,VSPMNL48R57D166P,Sardegna,0865961187,concetta21@example.org,concetta21@pec.it,Furto
59,Vanessa,Geraci,Salerno,1998-09-22,9540/2010,2010-07-19,CDRLCU54H62C714W,Campania,3772271111,dmorlacchi@example.com,dmorlacchi@pec.it,RE / Immobili
60,Lucrezia,Palmisano,Siena,1968-06-23,6238/2021,2021-01-02,CSTPRR45S65E546C,Toscana,+39 377949451,angelinabianchini@example.net,angelinabianchini@pec.it,Auto
61,Flavia,Sonnino,Padova,1975-05-17,2052/2013,2013-08-04,CRSGSV73D66E620N,Veneto,+39 0975402445,rossanacannizzaro@example.com,rossanacannizzaro@pec.it,Incendio
62,Filippo,Cociarelli,Catanzaro,1983-08-27,1320/2006,2006-05-26,BSCNCT27L14E894X,Calabria,037554599,jbonanno@example.net,jbonanno@pec.it,Multirischio
63,Ermanno,Cristoforetti,L'Aquila,1965-04-07,7865/2012,2012-11-21,SPNRMR53E47I132F,Abruzzo,+39 0578614970,bragadinguarino@example.com,bragadinguarino@pec.it,Multirischio
64,Paolo,Bersani,Cagliari,1986-11-26,7371/2009,2009-12-03,GRNGLI41B01F365H,Sardegna,04026838810,fittipaldileone@example.org,fittipaldileone@pec.it,Furto
65,Raffaello,Antonini,Udine,1970-09-23,1444/2018,2018-12-16,PRNPRR37B53A215V,Friuli-Venezia Giulia,0399751619,ubosio@example.net,ubosio@pec.it,Furto
66,Pasquale,Trevisani,Treviso,1973-02-25,8449/2006,2006-02-16,GNGMRN99C43F499K,Veneto,+39 089835523,petrassisusanna@example.com,petrassisusanna@pec.it,Furto
67,Girolamo,FIBONACCI,Siena,1976-04-26,9837/2023,2023-09-23,CEOSNR63M25G056X,Toscana,3399955277,chiaracorrer@example.net,chiaracorrer@pec.it,Incendio
68,Elvira,Marcacci,Bologna,1994-03-28,4266/2005,2005-11-26,MSTMRS57A02D969J,Emilia-Romagna,0219986799,camilla05@example.net,camilla05@pec.it,Multirischio
69,Fernanda,Farinelli,Padova,1970-08-31,4571/2015,2015-08-16,SLRBNC43T03F440C,Veneto,+39 0163377885,claudia78@example.org,claudia78@pec.it,Incendio
70,Ignazio,Pedersoli,Latina,1992-03-06,3683/2018,2018-08-15,MNTNTL42B18H301Y,Lazio,0541492514,rmoretti@example.net,rmoretti@pec.it,Auto
71,Filippa,Pergolesi,Palermo,1978-12-30,7498/2017,2017-11-30,MNDDNG85T67M279R,Sicilia,+39 3520685052,carolinabrenna@example.com,carolinabrenna@pec.it,RE / Immobili
72,Massimiliano,Speri,Pavia,1995-12-25,5941/2023,2023-08-19,MLPBTN64P27H936R,Lombardia,+39 334592962,gianlucacibin@example.org,gianlucacibin@pec.it,Multirischio
73,Rita,Delle,Merano,1966-11-04,2129/2012,2012-10-15,RGGRSL36T26E844T,Trentino-Alto Adige,+39 08353473576,abattelli@example.com,abattelli@pec.it,Incendio
74,Tiziano,Tron,Cuneo,1986-12-28,8532/2007,2007-05-15,GRGNNR82M28D996X,Piemonte,+39 3858141248,mcutrufo@example.net,mcutrufo@pec.it,Furto
75,Rita,Romano,Pordenone,1988-05-28,9817/2019,2019-08-04,VGDPRG06L57E023V,Friuli-Venezia Giulia,+39 0711530512,gargallopaulina@example.com,gargallopaulina@pec.it,Furto
76,Angelo,Ludovisi,Isernia,1979-06-17,5569/2024,2024-02-08,SGRDLM10A49C298C,Molise,+39 0931986141,wcignaroli@example.net,wcignaroli@pec.it,RE / Immobili
77,Antonio,GIORGETTI,Caserta,1992-05-18,6325/2019,2019-12-27,VLNLDN80P59C573T,Campania,+39 0544609532,esaragat@example.org,esaragat@pec.it,RE / Immobili
78,Venancio,Onio,Viterbo,1980-04-08,5526/2011,2011-04-10,PNNMRT05S13E017U,Lazio,3480515312,trobbianialessia@example.net,trobbianialessia@pec.it,Multirischio
79,Mauro,Vergassola,Genova,1975-10-30,4937/2021,2021-02-24,FGNDRT08T65M212E,Liguria,01614303048,paoletta27@example.net,paoletta27@pec.it,Furto
80,Salvatore,Grisoni,Napoli,1969-03-05,6016/2011,2011-08-08,MNTGRN15H14L582L,Campania,34776527781,federicoivan@example.com,federicoivan@pec.it,Incendio
81,Lilla,Rastelli,Taranto,1984-02-02,8434/2021,2021-09-24,MCHCLD10H62D177X,Puglia,07769627509,riccichiara@example.org,riccichiara@pec.it,Incendio
82,Raffaellino,Leoncavallo,Bologna,1997-05-10,4033/2009,2009-04-27,RTSBLD95S46M334F,Emilia-Romagna,+39 0365970215,borromeogermana@example.net,borromeogermana@pec.it,Furto
83,Oreste,Zola,Livorno,1969-07-06,3939/2023,2023-09-04,PLZRNZ97B59B482U,Toscana,0732543108,cortesegiovanna@example.com,cortesegiovanna@pec.it,Multirischio
84,Osvaldo,Zampa,Vicenza,1967-01-16,3068/2006,2006-03-23,GBBVNI88M47B303Q,Veneto,+39 3533172715,iacobuccimatilda@example.com,iacobuccimatilda@pec.it,Furto
85,Amalia,Veneziano,Trento,1990-10-02,4020/2011,2011-05-19,PZZMNC28B07I534S,Trentino-Alto Adige,+39 0461705897,victoria42@example.net,victoria42@pec.it,Incendio
86,Daria,Brichese,Bari,1967-12-07,1878/2013,2013-12-27,TRNPRR98L67G170F,Puglia,+39 035517785,masperoparide@example.net,masperoparide@pec.it,Multirischio
87,Marissa,Cerutti,Perugia,1976-02-19,4697/2007,2007-08-29,MRNDLS20H30H627R,Umbria,+39 05788414329,dtedesco@example.org,dtedesco@pec.it,Furto
88,Vittorio,Cabrini,Salerno,1978-05-04,1986/2024,2024-04-17,ZRLNSD03B42M291H,Campania,33039690743,carlacossiga@example.org,carlacossiga@pec.it,Auto
89,Olga,Pisani,Savona,1974-06-20,3847/2010,2010-12-08,PRGSVR59D51G499D,Liguria,+39 0565556253,rodolfo10@example.org,rodolfo10@pec.it,RE / Immobili
90,Rosario,Castellitto,Cuneo,1985-03-18,4792/2020,2020-06-18,MCCLLL78L08M415E,Piemonte,+39 39359532777,roberto32@example.org,roberto32@pec.it,Incendio
91,Alessio,Bulzoni,Napoli,1995-11-02,4241/2010,2010-03-28,NSCNNS06E16G406A,Campania,05438016255,dtogliatti@example.org,dtogliatti@pec.it,Multirischio
92,Antonino,Piccio,Modena,1976-12-01,6039/2023,2023-07-17,BRGRLD64M65F914S,Emilia-Romagna,37939912158,zampafulvio@example.com,zampafulvio@pec.it,Multirischio
93,Mirko,Collina,Terni,1970-07-31,5460/2015,2015-07-07,BCCNGC17T11I655W,Umbria,08827298292,chiaratomei@example.com,chiaratomei@pec.it,Furto
94,Panfilo,Mannoia,Napoli,1991-10-30,5102/2005,2005-11-23,SBLLDN47H62B158N,Campania,095409749,tonino88@example.com,tonino88@pec.it,RE / Immobili
95,Berenice,Solari,Palermo,1995-02-27,3870/2023,2023-06-05,BJRPNI89B07A195X,Sicilia,0565626360,venancioparmitano@example.org,venancioparmitano@pec.it,Furto
96,Ugolino,Fogazzaro,Pisa,1991-04-05,2494/2014,2014-10-11,DSSRMO68H58D823Z,Toscana,0997334844,francesca78@example.com,francesca78@pec.it,Furto
97,Irma,Fogazzaro,Pesaro,1995-01-23,9117/2007,2007-05-07,LPUDRA73S58E081L,Marche,39752404177,emercantini@example.com,emercantini@pec.it,Furto
98,Giampaolo,Finotto,Reggio Calabria,1985-05-27,7622/2006,2006-12-23,GLGNNS85P08G826Y,Calabria,+39 017116571,annamaria42@example.org,annamaria42@pec.it,Auto
99,Amalia,Cuda,Catanzaro,1983-07-16,9167/2006,2006-03-21,LNUDIA36S02L804U,Calabria,+39 330938026,esilvestri@example.net,esilvestri@pec.it,Auto
100,Romina,Petrucelli,La Spezia,1989-08-21,8941/2007,2007-12-10,LMGGLT72R04M031I,Liguria,0541788724,vfantozzi@example.com,vfantozzi@pec.it,Multirischio
101,PALOMA,Carducci,Modena,1978-12-10,4681/2017,2017-05-10,NGLRMI37R22I155Y,Emilia-Romagna,+39 0409668511,ettore74@example.net,ettore74@pec.it,Auto
102,Elladio,Sismondi,Napoli,1994-01-21,5781/2023,2023-08-31,SBBGMM42E19H778L,Campania,+39 05215301728,gionata04@example.com,gionata04@pec.it,Incendio
103,Virginia,Mattarella,Isernia,1986-03-08,4122/2010,2010-06-20,GLZCHR61C15I045Q,Molise,0737878338,malacarnenanni@example.net,malacarnenanni@pec.it,Multirischio
104,Irma,Opizzi,Verona,1977-05-24,9318/2022,2022-05-01,VLRCRT21H28F594I,Veneto,03433971802,zecchinicostanzo@example.org,zecchinicostanzo@pec.it,Auto
105,Ubaldo,Prada,Terni,1991-05-01,3434/2018,2018-01-03,MSCLSS50E67A033I,Umbria,+39 094210651,dzarlino@example.net,dzarlino@pec.it,Furto
106,Sabatino,Bajardi,Viterbo,1989-10-04,6272/2022,2022-02-10,PLMRZO57L53A818F,Lazio,+39 331512868,pierangelo22@example.net,pierangelo22@pec.it,RE / Immobili
107,Romana,Agazzi,Siracusa,1975-06-24,8749/2024,2024-03-14,TRRNNI29D55D742S,Sicilia,+39 053531069,mancinironaldo@example.net,mancinironaldo@pec.it,Furto
108,Geronimo,Boitani,Chieti,1994-04-01,9229/2008,2008-05-31,GTTNTA51M08F802Z,Abruzzo,+39 38302843993,balotelliriccardo@example.net,balotelliriccardo@pec.it,Incendio
109,Leone,COCIARELLI,Bolzano,1969-06-22,3361/2016,2016-10-18,VLTRTI94C21H304Z,Trentino-Alto Adige,09337056862,piergiuseppemantegna@example.com,piergiuseppemantegna@pec.it,RE / Immobili
110,Leonardo,Paoletti,Monza,1976-11-21,2315/2012,2012-08-05,GTTGLT90C26E989S,Lombardia,+39 09236688233,margheritavanvitelli@example.com,margheritavanvitelli@pec.it,Multirischio
111,Marco,Bosurgi,L'Aquila,1993-02-12,9864/2021,2021-02-13,BRGGMM48S20G462W,Abruzzo,+39 37701398334,fpagliaro@example.net,fpagliaro@pec.it,Auto
112,Alberto,Franscini,Parma,1975-03-17,2646/2021,2021-10-01,GLGGSN50D58D477W,Emilia-Romagna,0707854457,luciacasadei@example.net,luciacasadei@pec.it,Incendio
113,Ninetta,Seddio,Torino,1979-07-21,8056/2022,2022-11-10,ZNCFBA94C01C773F,Piemonte,0545235368,gastone55@example.com,gastone55@pec.it,Multirischio
114,Filippa,Moresi,Campobasso,1972-08-17,4945/2008,2008-12-05,NGGDNL17T18F266R,Molise,+39 3828080102,mariana77@example.com,mariana77@pec.it,Multirischio
115,Rosaria,Gianinazzi,Padova,1985-09-08,1153/2019,2019-04-23,PLMTNF79S62M101H,Veneto,333700886,coppolaagnolo@example.org,coppolaagnolo@pec.it,Furto
116,Virgilio,Leoncavallo,Perugia,1968-04-25,5901/2014,2014-11-28,CFFNDD19D07G635M,Umbria,3935461569,alderano86@example.org,alderano86@pec.it,Furto
117,Ida,Gelli,Siena,1978-07-21,2747/2009,2009-06-20,PRNNCL70M42G814S,Toscana,+39 366217659,giulietta10@example.org,giulietta10@pec.it,Multirischio
118,GIANMARCO,Franceschi,Viterbo,1996-05-14,7484/2011,2011-08-16,VNTMDA22H41M405O,Lazio,+39 0961261428,clamborghini@example.org,clamborghini@pec.it,Multirischio
119,Marco,Pastine,Courmayeur,1977-11-03,6772/2022,2022-05-26,BRNCRL55D67A774J,Valle d'Aosta,09749965073,monicabossi@example.net,monicabossi@pec.it,RE / Immobili
120,Michele,Virgilio,Sassari,1995-05-28,3240/2021,2021-12-12,BRCLRN31T43A842L,Sardegna,037362655,lrienzo@example.net,lrienzo@pec.it,Auto
121,Adelmo,Mascagni,Terni,1966-07-01,5835/2017,2017-12-31,CHPBRR23L15F986M,Umbria,0332015816,womma@example.com,womma@pec.it,Furto
122,Lamberto,Porcellato,Trieste,1970-12-06,9697/2022,2022-08-23,TRMDNL87L06B496G,Friuli-Venezia Giulia,05494721244,ubrenna@example.net,ubrenna@pec.it,Incendio
123,Saverio,Borsiere,Udine,1986-08-13,2886/2023,2023-02-02,STRBNC17E01M294J,Friuli-Venezia Giulia,0574965759,giorgio37@example.net,giorgio37@pec.it,Auto
124,Leonardo,Michelangeli,Padova,1995-05-04,6992/2021,2021-03-30,MCCLMR94T61F295S,Veneto,+39 057264651,santemazzocchi@example.org,santemazzocchi@pec.it,Furto
125,Giuliana,Vidoni,Alessandria,1989-01-26,5295/2007,2007-10-10,MDRBRL52S56B499G,Piemonte,04714266199,scalfaroisabella@example.org,scalfaroisabella@pec.it,Incendio
126,PASQUALE,Udinesi,Merano,1975-06-28,6374/2015,2015-07-30,CNTFLR84S12B776J,Trentino-Alto Adige,+39 0922656103,cventuri@example.com,cventuri@pec.it,RE / Immobili
127,Tullio,Travaglio,Monza,1996-06-13,1742/2011,2011-10-12,TRTNZE44A56B099V,Lombardia,0737112547,riccardopalumbo@example.com,riccardopalumbo@pec.it,Incendio
128,Umberto,Soranzo,Bari,1969-05-12,8432/2010,2010-04-08,MCCBLS38A66H643O,Puglia,+39 012551238,salvi17@example.net,salvi17@pec.it,Multirischio
129,Marco,Zacco,Campobasso,1983-08-12,7686/2019,2019-09-10,FNTSLV84L13A294L,Molise,+39 0782966031,oscamarcio@example.com,oscamarcio@pec.it,Incendio
130,Aurora,Camanni,Courmayeur,1974-09-30,6942/2014,2014-12-12,CRNGSP85M57G838E,Valle d'Aosta,09636969159,mirkomodugno@example.org,mirkomodugno@pec.it,Incendio
131,Fedele,Malpighi,Cosenza,1981-02-02,3001/2006,2006-05-12,MRNCRL23H23B521W,Calabria,0759296628,chigiluca@example.org,chigiluca@pec.it,Furto
132,Angelina,DEPERO,Bergamo,1993-10-14,6464/2019,2019-05-06,SLVRNF45A56B469R,Lombardia,+39 39368876772,ilussu@example.org,ilussu@pec.it,RE / Immobili
133,Bruno,Zetticci,Catania,1968-01-30,4538/2023,2023-08-12,GSPVIO21M59H979O,Sicilia,0931819148,galuppilamberto@example.org,galuppilamberto@pec.it,RE / Immobili
134,Maria,Rossi,Ancona,1991-09-26,3129/2005,2005-01-24,MLPMND57E12L290Y,Marche,+39 0774133952,pietrocamicione@example.net,pietrocamicione@pec.it,RE / Immobili
135,MERCEDES,Foconi,Merano,1966-02-27,4898/2007,2007-12-16,TTNHGU76P46D499A,Trentino-Alto Adige,05449481202,olgabianchi@example.net,olgabianchi@pec.it,Auto
136,Iolanda,Chiappetta,Udine,1967-05-09,2041/2007,2007-11-05,STNLME73S49G726Z,Friuli-Venezia Giulia,06711684579,enniomilanesi@example.org,enniomilanesi@pec.it,Incendio
137,Adamo,Caboto,Potenza,1985-04-11,9543/2016,2016-04-20,GTAPMN27M49D491B,Basilicata,0575892970,eodescalchi@example.net,eodescalchi@pec.it,Auto
138,Cirillo,Savorgnan,Courmayeur,1983-01-07,8267/2014,2014-07-25,SRCCHL54D63L817T,Valle d'Aosta,+39 37924241512,catenazzisole@example.org,catenazzisole@pec.it,Auto
139,Arnaldo,Petrocelli,Macerata,1971-08-28,9984/2006,2006-06-23,CDRDLS27M03B430O,Marche,+39 08827005121,liliana36@example.net,liliana36@pec.it,Furto
140,Gianmarco,Pasqua,Oristano,1978-03-25,2874/2015,2015-03-06,MNNDRD48C61H285W,Sardegna,+39 0187890925,camicioneclaudio@example.com,camicioneclaudio@pec.it,Multirischio
141,Eliana,Corbo,La Spezia,1985-04-04,8430/2024,2024-12-02,CLBCSN75T13D793T,Liguria,05652341303,nrubbia@example.org,nrubbia@pec.it,Auto
142,Ugolino,Tommaseo,Pesaro,1979-01-08,8770/2019,2019-12-02,GRDMLS49B08F384J,Marche,+39 0890552695,ludovicapergolesi@example.com,ludovicapergolesi@pec.it,Auto
143,Mariana,Semitecolo,Monza,1969-05-02,1982/2021,2021-09-13,CBCVNL05A31I496K,Lombardia,086548666,antonaccibianca@example.org,antonaccibianca@pec.it,Multirischio
144,Gustavo,Brancaccio,Catanzaro,1995-01-21,7929/2007,2007-09-29,PPEBCC39T54H843M,Calabria,+39 0183316172,bernardo83@example.org,bernardo83@pec.it,Auto
145,Dante,Anastasi,Terni,1980-10-10,8900/2007,2007-04-29,NDAVLR66T49B781W,Umbria,0354105649,iolandaamato@example.org,iolandaamato@pec.it,Auto
146,Eliana,Borsiere,Viterbo,1970-02-26,8030/2022,2022-02-08,TRTPRN21H06C715W,Lazio,+39 350591380,gsantoro@example.com,gsantoro@pec.it,Multirischio
147,GIOELE,Beffa,Oristano,1993-10-30,5381/2017,2017-06-27,BRBPLA91T21E507E,Sardegna,+39 0571365411,yortolani@example.org,yortolani@pec.it,Incendio
148,Ferdinando,Garozzo,Terni,1980-09-30,7566/2005,2005-02-20,MTTMRN11P55A083S,Umbria,04264949353,pietrangelibartolomeo@example.com,pietrangelibartolomeo@pec.it,Auto
149,Livia,Vergerio,Pavia,1974-08-26,7062/2013,2013-06-09,GNNLGO44S27H450Y,Lombardia,+39 371650641,enzoalboni@example.com,enzoalboni@pec.it,Incendio
150,Piero,Stucchi,Palermo,1967-05-12,2336/2008,2008-06-28,BTTFRN66L23L656J,Sicilia,0784191821,coardilara@example.com,coardilara@pec.it,Furto
151,Raffaellino,Ceschi,Foggia,1983-07-31,6655/2011,2011-02-16,MGHLCN57E48A762U,Puglia,+39 03639121276,lambertogulotta@example.com,lambertogulotta@pec.it,Incendio
152,Dante,Valentino,Siracusa,1988-08-21,1897/2019,2019-12-19,NNZDNT11C66H384A,,379390352,marta37@example.com,marta37@pec.it,Incendio
153,Michele,PETROCELLI,Genova,1976-06-18,8055/2011,2011-06-30,PRNMRA71T18C659Z,Liguria,+39 078912100,mannoiagiulio@example.org,mannoiagiulio@pec.it,Furto
154,Gaetano,Piccio,Cosenza,1975-04-29,6802/2016,2016-03-22,BRRLSS08D69G913O,Calabria,392215107,giuseppina19@example.net,giuseppina19@pec.it,Auto
155,Antonina,Rismondo,Campobasso,1985-08-16,7626/2006,2006-09-30,DSSMCL27C49C988B,Molise,3500209997,btamburello@example.com,btamburello@pec.it,Furto
156,Piergiorgio,Vigliotti,Perugia,1983-03-04,8538/2005,2005-06-20,CBNPRI25S69I591G,Umbria,+39 35168065756,fbignardi@example.com,fbignardi@pec.it,Incendio
157,Greco,Errigo,Monza,1969-10-01,2288/2010,2010-06-17,LLLNNT60P12I262P,Lombardia,+39 378321334,meuccicassandra@example.org,meuccicassandra@pec.it,Incendio
158,Aria,Pedroni,Ancona,1979-12-10,2868/2022,2022-06-23,FFRLPN90T52M283A,Marche,+39 0922378420,rosa22@example.org,rosa22@pec.it,RE / Immobili
159,Arsenio,Giannini,Viterbo,1997-08-18,2684/2023,2023-05-15,MNTRSR25C11H713J,Lazio,+39 378050029,alessandrotroisi@example.com,alessandrotroisi@pec.it,RE / Immobili
160,Rossana,Trobbiani,Pordenone,1971-11-10,9095/2022,2022-01-19,MRNGSP41C06H870W,Friuli-Venezia Giulia,380752895,benito56@example.net,benito56@pec.it,Multirischio
161,Nicolò,Martinelli,Siracusa,1995-07-22,6295/2024,2024-10-13,ZPPMDA23R51L953V,Sicilia,+39 351891725,dionigi20@example.net,dionigi20@pec.it,Incendio
162,Mattia,Mezzetta,Treviso,1968-01-24,5500/2015,2015-07-09,SBBGSN33D48H448T,Veneto,+39 0583410066,erikabrunello@example.net,erikabrunello@pec.it,Incendio
163,Valentina,Porcellato,Potenza,1978-12-04,5703/2015,2015-05-11,CLVSNT73S65H394K,Basilicata,+39 0376710404,wpareto@example.net,wpareto@pec.it,Auto
164,Benito,Morucci,Oristano,1987-09-30,1672/2013,2013-08-16,VRRBTC43R20L626O,Sardegna,368062962,vanessapanicucci@example.org,vanessapanicucci@pec.it,Multirischio
165,Marco,Florio,La Spezia,1992-02-21,8381/2015,2015-09-02,LMBLZR30B42E224Z,Liguria,03730506193,pierangelovisintini@example.net,pierangelovisintini@pec.it,Incendio
166,Cipriano,Asprucci,Pavia,1993-12-26,8199/2008,2008-11-14,CRPLVI50M56L644O,Lombardia,03228625620,faustomaffei@example.org,faustomaffei@pec.it,Multirischio
167,Giuseppe,Rosselli,Udine,1981-09-22,1857/2011,2011-05-07,CPPVLT85B03H185W,Friuli-Venezia Giulia,39186938088,oiannelli@example.com,oiannelli@pec.it,Incendio
168,Giuseppina,Sibilia,Brescia,1969-03-29,3463/2017,2017-07-07,BRBTZN73P66G141W,Lombardia,+39 034472233,salvimannoia@example.org,salvimannoia@pec.it,Multirischio
169,Piersanti,Bossi,Vicenza,1978-12-01,2388/2019,2019-09-19,MZZBLS11L58E270F,Veneto,37348709912,ofinotto@example.org,ofinotto@pec.it,Furto
170,Enrico,Zito,Ancona,1995-01-23,9624/2020,2020-10-06,NGRMTT52E53H010V,Marche,09349702420,camucciniannetta@example.org,camucciniannetta@pec.it,Furto
171,Paolo,Montanari,Matera,1965-10-26,6598/2013,2013-02-18,PRTMRN38E49L083N,Basilicata,3731324756,armandosiffredi@example.com,armandosiffredi@pec.it,Furto
172,Francesco,Rossini,Genova,1971-03-04,2657/2008,2008-06-23,TZZNCI07P66B695C,Liguria,+39 056486289,priscillapisaroni@example.net,priscillapisaroni@pec.it,Multirischio
173,Fredo,Filzi,Potenza,1994-09-11,7172/2012,2012-07-21,NOIVNS25E12I869J,Basilicata,08656103592,gravinaamedeo@example.com,gravinaamedeo@pec.it,RE / Immobili
174,Susanna,Sgarbi,Cagliari,1997-05-08,4891/2014,2014-10-26,LCRMLA49A06L202H,Sardegna,+39 373333468,matteo24@example.net,matteo24@pec.it,Multirischio
175,Salvatore,Cherubini,Terni,1975-07-01,8684/2016,2016-12-23,MRNGGL54L68D766S,Umbria,050374896,ceciliaalighieri@example.org,ceciliaalighieri@pec.it,RE / Immobili
176,Tullio,Palumbo,Frosinone,1985-09-17,9641/2022,2022-04-05,LRCMNL35E61H646H,Lazio,0423283095,lazzaro17@example.org,lazzaro17@pec.it,RE / Immobili
177,Licia,Asprucci,Savona,1971-03-18,7081/2024,2024-07-31,PDRMLT74T59I787E,Liguria,+39 0577387582,qmalaparte@example.com,qmalaparte@pec.it,Auto
178,Lando,Cagnotto,Potenza,1977-10-15,9410/2006,2006-11-19,MRBSPH11D12C377G,Basilicata,0755549470,vceri@example.com,vceri@pec.it,Furto
179,Stefania,BONDUMIER,Bergamo,1985-03-28,1872/2024,2024-11-03,TRTLZR52A68L205K,Lombardia,+39 0364356972,gferrari@example.org,gferrari@pec.it,Incendio
180,Melania,Bottigliero,Rimini,1968-08-30,2623/2013,2013-05-30,BVLDLM57E47I193O,Emilia-Romagna,+39 09412712966,omonte@example.org,omonte@pec.it,Incendio
181,Sandro,Passalacqua,Padova,1966-09-20,3273/2011,2011-06-09,NGLLDC96P47A185S,Veneto,+39 3515335428,barillarovittorio@example.org,barillarovittorio@pec.it,Furto
182,BIANCA,Marrone,Caserta,1965-03-28,3449/2006,2006-10-12,SNDMBT76P51E673X,Campania,+39 057775326,bacciobeccheria@example.com,bacciobeccheria@pec.it,Multirischio
183,Gianfranco,Chechi,Matera,1969-12-27,1782/2022,2022-05-30,CSTLTZ91S26A375J,Basilicata,379148909,liviaargenti@example.net,liviaargenti@pec.it,Multirischio
184,Fiamma,Antonucci,Napoli,1969-12-22,1269/2023,2023-10-08,CTLGSI60T45C200E,Campania,+39 0549618491,carrierapiermaria@example.com,carrierapiermaria@pec.it,Multirischio
185,TULLIO,Casagrande,Modena,1978-01-25,7825/2014,2014-08-18,DNZNTL25H23E407R,Emilia-Romagna,0376087373,damiano17@example.org,damiano17@pec.it,Auto
186,Alberico,Bruno,Matera,1968-01-14,9316/2016,2016-10-19,CLVFRC82D15D184Z,Basilicata,07890120451,tafurienzio@example.org,tafurienzio@pec.it,Furto
187,Cesare,Beccheria,Bari,1993-07-07,1266/2013,2013-09-05,MNDLRA56R09L468U,Puglia,+39 05952166766,ciciliafrancesca@example.net,ciciliafrancesca@pec.it,Auto
188,Federica,Depero,Latina,1997-11-17,6447/2019,2019-09-27,CMUBNC53R16I640U,Lazio,0421965907,chiappettaida@example.net,chiappettaida@pec.it,Incendio
189,Costanzo,Polesel,Catanzaro,1993-11-01,8840/2008,2008-12-05,NSTVNC98T59H786D,Calabria,+39 37725889135,ebeffa@example.com,ebeffa@pec.it,RE / Immobili
190,Francesca,Pavanello,Monza,1966-08-29,1686/2011,2011-08-01,MTASMT20P28F054M,Lombardia,3757217534,rosazaccagnini@example.net,rosazaccagnini@pec.it,Incendio
191,Tonino,Garobbio,Matera,1989-05-12,4131/2015,2015-08-15,RGGRCT11M55D419L,Basilicata,+39 086101660,ppincherle@example.org,ppincherle@pec.it,Auto
192,Morena,Marinetti,Pesaro,1970-08-02,8204/2022,2022-12-06,BRRGNR58H58I271U,Marche,34057113058,filippasaraceno@example.com,filippasaraceno@pec.it,Furto
193,Valerio,Paltrinieri,Ancona,1987-04-05,9507/2020,2020-07-10,CMRPRG13E60C094Q,Marche,+39 0344637350,beccheriaviridiana@example.org,beccheriaviridiana@pec.it,Auto
194,Emma,Castioni,Campobasso,1984-04-26,5813/2018,2018-07-07,TRNDLA67T02F949U,Molise,331197829,qsaragat@example.net,qsaragat@pec.it,Auto
195,Coluccio,Pedersoli,Macerata,1978-04-06,3730/2011,2011-11-16,LGNLVI43E15I662Y,Marche,+39 0364698488,toni66@example.net,toni66@pec.it,Incendio
196,Galasso,Foscari,Napoli,1997-08-09,8126/2024,2024-07-07,TNCLGO88S11H639C,Campania,+39 3205879966,giuseppina52@example.net,giuseppina52@pec.it,Auto
197,Valerio,Canetta,Monza,1981-04-19,1510/2016,2016-07-05,FLPGMM96C10H356B,Lombardia,0371043807,parriennio@example.org,parriennio@pec.it,Multirischio
198,Dina,Zampa,Napoli,1970-08-31,6933/2006,2006-07-05,TRLVLT36T22A473G,Campania,07216580033,lucianazamorani@example.com,lucianazamorani@pec.it,Multirischio
199,Emma,Pacelli,Aosta,1995-06-18,2259/2015,2015-02-03,NDEBNN23C64F531L,Valle d'Aosta,+39 06064842207,mauraferrante@example.com,mauraferrante@pec.it,Multirischio
200,Jolanda,Costanzi,Frosinone,1979-02-07,1424/2019,2019-07-28,MNNMLN73P12A743H,Lazio,0884328188,corteseluigi@example.net,corteseluigi@pec.it,Furto
201,Adelasia,Pininfarina,Matera,1990-03-13,8311/2007,2007-08-23,MNTMCL37D65G621G,Basilicata,092301573,neccigianfrancesco@example.org,neccigianfrancesco@pec.it,Multirischio
202,Giuliana,Micheletti,Terni,1973-12-24,3828/2007,2007-10-02,RMLGUO98H57I644I,Umbria,082504358,ycarli@example.com,ycarli@pec.it,Furto
203,Fabio,Vanvitelli,Brescia,1994-12-16,5757/2012,2012-10-17,RPSBNC26P27H549G,Lombardia,352012075,bodonigiacobbe@example.net,bodonigiacobbe@pec.it,RE / Immobili
204,Benito,Berrè,Udine,1987-10-28,3275/2010,2010-01-11,GNTGBL52L15G754Z,Friuli-Venezia Giulia,077150618,nadiagremese@example.net,nadiagremese@pec.it,Furto
205,Maria,Beccheria,Alessandria,1989-11-08,3126/2017,2017-11-02,MNZCLR36M53E244M,Piemonte,+39 08128326825,nugnestiziano@example.org,nugnestiziano@pec.it,Auto
206,Agostino,Visconti,Brescia,1982-11-11,7708/2021,2021-01-30,VLMCLD39D64H969L,Lombardia,0432682223,delfinobassi@example.org,delfinobassi@pec.it,Auto
207,Damiano,Fabrizi,Vicenza,1993-10-25,6644/2006,2006-08-31,MDRSSN08E04C111Y,Veneto,3716552319,vezzaliromolo@example.net,vezzaliromolo@pec.it,Multirischio
208,Vittoria,Ferrante,Catania,1970-10-16,3034/2014,2014-09-15,CRRMRC40L46A052R,Sicilia,04936452575,sebastiano75@example.net,sebastiano75@pec.it,Incendio
209,Matilda,Marino,Trieste,1979-06-23,9501/2020,2020-11-28,LVRCLD68D09H883E,Friuli-Venezia Giulia,+39 3431080999,gvilladicani@example.org,gvilladicani@pec.it,Auto
210,Amleto,Villadicani,Pisa,1993-06-27,9740/2017,2017-05-10,STNLSI28R24L235Q,Toscana,0363788168,alessia87@example.net,alessia87@pec.it,RE / Immobili
211,Francesca,Giovine,Catania,1972-09-05,6531/2019,2019-10-11,CMUFRN72R62L404W,Sicilia,+39 3457503735,mariatosi@example.org,mariatosi@pec.it,Multirischio
212,Gianpaolo,Bataglia,Aosta,1968-08-23,5336/2006,2006-01-08,SNTNTN05S51B081I,Valle d'Aosta,37774989269,ugolinoonisto@example.com,ugolinoonisto@pec.it,Multirischio
213,Fiamma,Bosio,Campobasso,1987-05-05,5949/2024,2024-12-09,MRRSRS61R41F408S,Molise,+39 077423184,nicola38@example.com,nicola38@pec.it,Furto
214,Flavio,Cristoforetti,Terni,1968-04-10,8933/2020,2020-06-12,CRLSNN86M56C250X,Umbria,+39 352060302,chiara13@example.com,chiara13@pec.it,Incendio
215,Elisa,Toscani,Cagliari,1979-01-09,6658/2024,2024-04-28,RRGGUO51R59G822A,Sardegna,+39 3791413797,comenciniarsenio@example.org,comenciniarsenio@pec.it,RE / Immobili
216,Giancarlo,Polani,Roma,1979-04-26,5061/2010,2010-06-04,DTTMSM58R59A703Z,Lazio,+39 0662103882,nadiafaggiani@example.net,nadiafaggiani@pec.it,Auto
217,Federigo,Silvestri,Terni,1992-08-09,3616/2014,2014-05-19,SNNSTN16R18I910Z,Umbria,+39 35096865036,turcitiziano@example.org,turcitiziano@pec.it,Multirischio
218,Maurizio,Cainero,Ancona,1972-02-24,6055/2016,2016-03-05,BRNGRG76P14C743T,Marche,+39 01109818036,qchigi@example.com,qchigi@pec.it,Auto
219,Milo,Canetta,Chieti,1985-07-06,1828/2010,2010-05-27,ZFFMRK78E62E270D,Abruzzo,+39 07368872549,pompeogritti@example.com,pompeogritti@pec.it,Multirischio
220,Matteo,Pezzali,Taranto,1989-01-28,5333/2005,2005-03-08,SBBVLR20B07F480W,Puglia,355589026,silviacasaleggio@example.net,silviacasaleggio@pec.it,Furto
